"ID_Caso","Moradia_regular","Moradia_Irregular","Moradia_Emergencial","Moradia_regular_esp","Moradia_Irregular_esp","Moradia_Emergencial_esp","Territorio","Comunidade_tradicional","Comunidade_tradicional_esp","titulado_Incra","Reconhecido_funai","Reconhecido_fund_palmares","Reconhecido_orgao_publico","Estrutura_Mat_predominante","Estrutura_Mat_predominante_esp","Estrutura_Insta_eletricas_hidraulica","Estrutura_Insta_eletricas_hidraulica_esp","Estrutura_Risco_geologico","Estrutura_Risco_geologico_esp","Estrutura_paredes_revesti","Estrutura_Acesso_internet","Estrutura_Acesso_internet_esp","Estrutura_danos_eventos_naturais","Estrutura_danos_eventos_naturais_esp","Fatores_risco_ambiental_infra","Fatores_risco_ambiental_infra_esp","Conflitos_Urbanos_Criminalidade","Conflitos_Urbanos_Criminalidade_esp","Conflitos_fundiarios_Agrarios","Conflitos_fundiarios_Agrarios_esp","Fatores_risco_outros","Fatores_risco_outros_esp","RV_Mudanca_domicilio","RV_Mudanca_domicilio_esp","Tempo_Situacao_Rua","Sit_Rua_Risco_Violencia","Tem_Contato_Familiar","Frequenta_Instituicao_Acolhimento","Especifique_Instituicao_Acolhimento","Expectativas_Futuro","Nomes_Vinculos_Afetivos"
"33","Falso","Falso","Falso",,,,,,,,,,,,,,,,,,,,,,"Falso",,"Falso",,"Falso",,"Falso",,,,,,,,,,
"24","Falso","Falso","Falso",,,,,,,,,,,,,,,,,,,,,,"Falso",,"Falso",,"Falso",,"Falso",,,,,,,,,,
"30","Falso","Falso","Falso",,,,,,,,,,,,,,,,,,,,,,"Falso",,"Falso",,"Falso",,"Falso",,,,,,,,,,
"5","Falso","Falso","Falso",,,,,,,,,,,,,,,,,,,,,,"Falso",,"Falso",,"Falso",,"Falso",,,,,,,,,,
"74","Falso","Falso","Falso",,,,,,,,,,,,,,,,,,,,,,"Falso",,"Falso",,"Falso",,"Falso",,,,,,,,,,
"83","Falso","Falso","Falso",,,,,,,,,,,,,,,,,,,,,,"Falso",,"Falso",,"Falso",,"Falso",,,,,,,,,,
"31","True","Falso","Falso",,,," Urbano;",,,,,,,,,,,,,,,,,,"Falso",,"Falso",,"Falso",,"Falso",,,,,,,,,,
"50","Falso","Falso","Falso",,,,,,,,,,,,,,,,,,,,,,"Falso",,"Falso",,"Falso",,"Falso",,,,,,,,,,
"47","Falso","Falso","Falso",,,,,,,,,,,,,,,,,,,,,,"Falso",,"Falso",,"Falso",,"Falso",,,,,,,,,,
"44","Falso","Falso","Falso",,,,,,,,,,,,,,,,,,,,,,"Falso",,"Falso",,"Falso",,"Falso",,,,,,,,,,
"46","Falso","Falso","Falso",,,,,,,,,,,,,,,,,,,,,,"Falso",,"Falso",,"Falso",,"Falso",,,,,,,,,,
"49","Falso","Falso","Falso",,,,,,,,,,,,,,,,,,,,,,"Falso",,"Falso",,"Falso",,"Falso",,,,,,,,,,
"48","Falso","Falso","Falso",,,,,,,,,,,,,,,,,,,,,,"Falso",,"Falso",,"Falso",,"Falso",,,,,,,,,,
"36","Falso","Falso","Falso",,,,,,,,,,,,,,,,,,,,,,"Falso",,"Falso",,"Falso",,"Falso",,,,,,,,,,
"39","Falso","Falso","Falso",,,,,,,,,,,,,,,,,,,,,,"Falso",,"Falso",,"Falso",,"Falso",,,,,,,,,,
"37","True","Falso","Falso",,,," Urbano;",,,,,,,"Alvenaria",,"Sim",,"Não",,"Sim","Sim",,"Não",,"Falso",,"Falso",,"Falso",,"Falso",,,,,,,,,,
"38","Falso","Falso","Falso",,,,,,,,,,,,,,,,,,,,,,"Falso",,"Falso",,"Falso",,"Falso",,,,,,,,,,
"45","Falso","Falso","Falso",,,,,,,,,,,,,,,,,,,,,,"Falso",,"Falso",,"Falso",,"Falso",,,,,,,,,,
"14","Falso","Falso","Falso",,,,,,,,,,,,,,,,,,,,,,"Falso",,"Falso",,"Falso",,"Falso",,,,,,,,,,
"11","Falso","Falso","Falso",,,,,,,,,,,,,,,,,,,,,,"Falso",,"Falso",,"Falso",,"Falso",,,,,,,,,,
"13","Falso","Falso","Falso",,,,,,,,,,,,,,,,,,,,,,"Falso",,"Falso",,"Falso",,"Falso",,,,,,,,,,
"42","Falso","Falso","Falso",,,,,,,,,,,,,,,,,,,,,,"Falso",,"Falso",,"Falso",,"Falso",,,,,,,,,,
"3","Falso","Falso","Falso",,,,,,,,,,,,,,,,,,,,,,"Falso",,"Falso",,"Falso",,"Falso",,,,,,,,,,
"22","Falso","Falso","Falso",,,,,,,,,,,,,,,,,,,,,,"Falso",,"Falso",,"Falso",,"Falso",,,,,,,,,,
"12","Falso","Falso","Falso",,,,,,,,,,,,,,,,,,,,,,"Falso",,"Falso",,"Falso",,"Falso",,,,,,,,,,
"8","Falso","Falso","Falso",,,,,,,,,,,,,,,,,,,,,,"Falso",,"Falso",,"Falso",,"Falso",,,,,,,,,,
"32","Falso","Falso","Falso",,,,,,,,,,,,,,,,,,,,,,"Falso",,"Falso",,"Falso",,"Falso",,,,,,,,,,
"23","Falso","Falso","Falso",,,,,,,,,,,,,,,,,,,,,,"Falso",,"Falso",,"Falso",,"Falso",,,,,,,,,,
"21","True","Falso","Falso",,,,,,,,,,,,,,,,,,,,,,"Falso",,"Falso",,"Falso",,"Falso",,,,,,,,,,
"1","Falso","Falso","Falso",,,,,,,,,,,,,,,,,,,,,,"Falso",,"Falso",,"Falso",,"Falso",,,,,,,,,,
"25","Falso","Falso","Falso",,,,,,,,,,,,,,,,,,,,,,"Falso",,"Falso",,"Falso",,"Falso",,,,,,,,,,
"80","Falso","Falso","Falso",,,,,,,,,,,,,,,,,,,,,,"Falso",,"Falso",,"Falso",,"Falso",,,,,,,,,,
"2","Falso","Falso","Falso",,,,,,,,,,,,,,,,,,,,,,"Falso",,"Falso",,"Falso",,"Falso",,,,,,,,,,
"6","Falso","Falso","Falso",,,,,,,,,,,,,,,,,,,,,,"Falso",,"Falso",,"Falso",,"Falso",,,,,,,,,,
"29","Falso","Falso","Falso",,,,,,,,,,,,,,,,,,,,,,"Falso",,"Falso",,"Falso",,"Falso",,,,,,,,,,
"133","Falso","Falso","Falso",,,,,,,,,,,,,,,,,,,,,,"Falso",,"Falso",,"Falso",,"Falso",,,,,,,,,,
"19","Falso","Falso","Falso",,,,,,,,,,,,,,,,,,,,,,"Falso",,"Falso",,"Falso",,"Falso",,,,,,,,,,
"4","Falso","Falso","Falso",,,,,,,,,,,,,,,,,,,,,,"Falso",,"Falso",,"Falso",,"Falso",,,,,,,,,,
"35","Falso","Falso","Falso",,,,,,,,,,,,,,,,,,,,,,"Falso",,"Falso",,"Falso",,"Falso",,,,,,,,,,
"17","Falso","Falso","Falso",,,,,,,,,,,,,,,,,,,,,,"Falso",,"Falso",,"Falso",,"Falso",,,,,,,,,,
"9","Falso","Falso","Falso",,,,,,,,,,,,,,,,,,,,,,"Falso",,"Falso",,"Falso",,"Falso",,,,,,,,,,
"34","Falso","Falso","Falso",,,,,,,,,,,,,,,,,,,,,,"Falso",,"Falso",,"Falso",,"Falso",,,,,,,,,,
"20","Falso","Falso","Falso",,,,,,,,,,,,,,,,,,,,,,"Falso",,"Falso",,"Falso",,"Falso",,,,,,,,,,
"15","Falso","Falso","Falso",,,,,,,,,,,,,,,,,,,,,,"Falso",,"Falso",,"Falso",,"Falso",,,,,,,,,,
"7","Falso","Falso","Falso",,,,,,,,,,,,,,,,,,,,,,"Falso",,"Falso",,"Falso",,"Falso",,,,,,,,,,
"16","Falso","Falso","Falso",,,,,,,,,,,,,,,,,,,,,,"Falso",,"Falso",,"Falso",,"Falso",,,,,,,,,,
"18","Falso","Falso","Falso",,,,,,,,,,,,,,,,,,,,,,"Falso",,"Falso",,"Falso",,"Falso",,,,,,,,,,
"10","Falso","Falso","Falso",,,,,,,,,,,,,,,,,,,,,,"Falso",,"Falso",,"Falso",,"Falso",,,,,,,,,,
"55","Falso","Falso","Falso",,,,,,,,,,,,,,,,,,,,,,"Falso",,"Falso",,"Falso",,"Falso",,,,,,,,,,
"26","Falso","Falso","Falso",,,,,,,,,,,,,,,,,,,,,,"Falso",,"Falso",,"Falso",,"Falso",,,,,,,,,,
"43","Falso","Falso","Falso",,,,,,,,,,,,,,,,,,,,,,"Falso",,"Falso",,"Falso",,"Falso",,,,,,,,,,
"130","Falso","Falso","Falso",,,,,,,,,,,,,,,,,,,,,,"Falso",,"Falso",,"Falso",,"Falso",,,,,,,,,,
"255","Falso","Falso","Falso",,,,,,,,,,,,,,,,,,,,,,"Falso",,"Falso",,"Falso",,"Falso",,,,,,,,,,
"93","Falso","Falso","Falso",,,,,,,,,,,,,,,,,,,,,,"Falso",,"Falso",,"Falso",,"Falso",,,,,,,,,,
"143","Falso","Falso","Falso",,,,,,,,,,,,,,,,,,,,,,"Falso",,"Falso",,"Falso",,"Falso",,,,,,,,,,
"88","Falso","Falso","Falso",,,,,,,,,,,,,,,,,,,,,,"Falso",,"Falso",,"Falso",,"Falso",,,,,,,,,,
"97","Falso","Falso","Falso",,,,,,,,,,,,,,,,,,,,,,"Falso",,"Falso",,"Falso",,"Falso",,,,,,,,,,
"96","Falso","Falso","Falso",,,,,,,,,,,,,,,,,,,,,,"Falso",,"Falso",,"Falso",,"Falso",,,,,,,,,,
"85","Falso","Falso","Falso",,,,,,,,,,,,,,,,,,,,,,"Falso",,"Falso",,"Falso",,"Falso",,,,,,,,,,
"138","Falso","Falso","Falso",,,,,,,,,,,,,,,,,,,,,,"Falso",,"Falso",,"Falso",,"Falso",,,,,,,,,,
"89","Falso","Falso","Falso",,,,,,,,,,,,,,,,,,,,,,"Falso",,"Falso",,"Falso",,"Falso",,,,,,,,,,
"63","Falso","Falso","Falso",,,,,,,,,,,,,,,,,,,,,,"Falso",,"Falso",,"Falso",,"Falso",,,,,,,,,,
"57","Falso","Falso","Falso",,,,,,,,,,,,,,,,,,,,,,"Falso",,"Falso",,"Falso",,"Falso",,,,,,,,,,
"169","Falso","Falso","Falso",,,,,,,,,,,,,,,,,,,,,,"Falso",,"Falso",,"Falso",,"Falso",,,,,,,,,,
"146","Falso","Falso","Falso",,,,,,,,,,,,,,,,,,,,,,"Falso",,"Falso",,"Falso",,"Falso",,,,,,,,,,
"56","Falso","Falso","Falso",,,,,,,,,,,,,,,,,,,,,,"Falso",,"Falso",,"Falso",,"Falso",,,,,,,,,,
"139","Falso","Falso","Falso",,,,,,,,,,,,,,,,,,,,,,"Falso",,"Falso",,"Falso",,"Falso",,,,,,,,,,
"113","Falso","Falso","Falso",,,,,,,,,,,,,,,,,,,,,,"Falso",,"Falso",,"Falso",,"Falso",,,,,,,,,,
"135","Falso","Falso","Falso",,,,,,,,,,,,,,,,,,,,,,"Falso",,"Falso",,"Falso",,"Falso",,,,,,,,,,
"107","Falso","Falso","Falso",,,,,,,,,,,,,,,,,,,,,,"Falso",,"Falso",,"Falso",,"Falso",,,,,,,,,,
"92","Falso","Falso","Falso",,,,,,,,,,,,,,,,,,,,,,"Falso",,"Falso",,"Falso",,"Falso",,,,,,,,,,
"189","Falso","Falso","Falso",,,,,,,,,,,,,,,,,,,,,,"Falso",,"Falso",,"Falso",,"Falso",,,,,,,,,,
"197","Falso","Falso","Falso",,,,,,,,,,,,,,,,,,,,,,"Falso",,"Falso",,"Falso",,"Falso",,,,,,,,,,
"288","Falso","Falso","Falso",,,,,,,,,,,,,,,,,,,,,,"Falso",,"Falso",,"Falso",,"Falso",,,,,,,,,,
"235","Falso","Falso","Falso",,,,,,,,,,,,,,,,,,,,,,"Falso",,"Falso",,"Falso",,"Falso",,,,,,,,,,
"213","Falso","Falso","Falso",,,,,,,,,,,,,,,,,,,,,,"Falso",,"Falso",,"Falso",,"Falso",,,,,,,,,,
"156","Falso","Falso","Falso",,,,,,,,,,,,,,,,,,,,,,"Falso",,"Falso",,"Falso",,"Falso",,,,,,,,,,
"91","Falso","Falso","Falso",,,,,,,,,,,,,,,,,,,,,,"Falso",,"Falso",,"Falso",,"Falso",,,,,,,,,,
"61","Falso","Falso","Falso",,,,,,,,,,,,,,,,,,,,,,"Falso",,"Falso",,"Falso",,"Falso",,,,,,,,,,
"292","Falso","Falso","Falso",,,,,,,,,,,,,,,,,,,,,,"Falso",,"Falso",,"Falso",,"Falso",,,,,,,,,,
"98","Falso","Falso","Falso",,,,,,,,,,,,,,,,,,,,,,"Falso",,"Falso",,"Falso",,"Falso",,,,,,,,,,
"73","Falso","Falso","Falso",,,,,,,,,,,,,,,,,,,,,,"Falso",,"Falso",,"Falso",,"Falso",,,,,,,,,,
"64","Falso","Falso","Falso",,,,,,,,,,,,,,,,,,,,,,"Falso",,"Falso",,"Falso",,"Falso",,,,,,,,,,
"90","Falso","Falso","Falso",,,,,,,,,,,,,,,,,,,,,,"Falso",,"Falso",,"Falso",,"Falso",,,,,,,,,,
"79","Falso","Falso","Falso",,,,,,,,,,,,,,,,,,,,,,"Falso",,"Falso",,"Falso",,"Falso",,,,,,,,,,
"68","Falso","Falso","Falso",,,,,,,,,,,,,,,,,,,,,,"Falso",,"Falso",,"Falso",,"Falso",,,,,,,,,,
"78","Falso","Falso","Falso",,,,,,,,,,,,,,,,,,,,,,"Falso",,"Falso",,"Falso",,"Falso",,,,,,,,,,
"52","Falso","Falso","Falso",,,,,,,,,,,,,,,,,,,,,,"Falso",,"Falso",,"Falso",,"Falso",,,,,,,,,,
"59","Falso","Falso","Falso",,,,,,,,,,,,,,,,,,,,,,"Falso",,"Falso",,"Falso",,"Falso",,,,,,,,,,
"297","Falso","Falso","Falso",,,,,,,,,,,,,"Sim",,"Sim",,"Sim","Sim",,"Sim",,"Falso",,"Falso",,"Falso",,"Falso",,,,,,,,,,
"99","Falso","Falso","Falso",,,,,,,,,,,,,,,,,,,,,,"Falso",,"Falso",,"Falso",,"Falso",,,,,,,,,,
"100","Falso","Falso","Falso",,,,,,,,,,,,,,,,,,,,,,"Falso",,"Falso",,"Falso",,"Falso",,,,,,,,,,
"67","Falso","Falso","Falso",,,,,,,,,,,,,,,,,,,,,,"Falso",,"Falso",,"Falso",,"Falso",,,,,,,,,,
"66","Falso","Falso","Falso",,,,,,,,,,,,,,,,,,,,,,"Falso",,"Falso",,"Falso",,"Falso",,,,,,,,,,
"71","Falso","Falso","Falso",,,,,,,,,,,,,,,,,,,,,,"Falso",,"Falso",,"Falso",,"Falso",,,,,,,,,,
"84","Falso","Falso","Falso",,,,,,,,,,,,,,,,,,,,,,"Falso",,"Falso",,"Falso",,"Falso",,,,,,,,,,
"148","Falso","Falso","Falso",,,,,,,,,,,,,,,,,,,,,,"Falso",,"Falso",,"Falso",,"Falso",,,,,,,,,,
"117","Falso","Falso","Falso",,,,,,,,,,,,,,,,,,,,,,"Falso",,"Falso",,"Falso",,"Falso",,,,,,,,,,
"53","Falso","Falso","Falso",,,,,,,,,,,,,,,,,,,,,,"Falso",,"Falso",,"Falso",,"Falso",,,,,,,,,,
"125","Falso","Falso","Falso",,,,,,,,,,,,,,,,,,,,,,"Falso",,"Falso",,"Falso",,"Falso",,,,,,,,,,
"123","Falso","Falso","Falso",,,,,,,,,,,,,,,,,,,,,,"Falso",,"Falso",,"Falso",,"Falso",,,,,,,,,,
"114","Falso","Falso","Falso",,,,,,,,,,,,,,,,,,,,,,"Falso",,"Falso",,"Falso",,"Falso",,,,,,,,,,
"51","Falso","Falso","Falso",,,,,,,,,,,,,,,,,,,,,,"Falso",,"Falso",,"Falso",,"Falso",,,,,,,,,,
"87","Falso","Falso","Falso",,,,,,,,,,,,,,,,,,,,,,"Falso",,"Falso",,"Falso",,"Falso",,,,,,,,,,
"289","Falso","Falso","Falso",,,,,,,,,,,,,,,,,,,,,,"Falso",,"Falso",,"Falso",,"Falso",,,,,,,,,,
"58","Falso","Falso","Falso",,,,,,,,,,,,,,,,,,,,,,"Falso",,"Falso",,"Falso",,"Falso",,,,,,,,,,
"111","Falso","Falso","Falso",,,,,,,,,,,,,,,,,,,,,,"Falso",,"Falso",,"Falso",,"Falso",,,,,,,,,,
"128","Falso","Falso","Falso",,,,,,,,,,,,,,,,,,,,,,"Falso",,"Falso",,"Falso",,"Falso",,,,,,,,,,
"86","Falso","Falso","Falso",,,,,,,,,,,,,,,,,,,,,,"Falso",,"Falso",,"Falso",,"Falso",,,,,,,,,,
"129","Falso","Falso","Falso",,,,,,,,,,,,,,,,,,,,,,"Falso",,"Falso",,"Falso",,"Falso",,,,,,,,,,
"164","Falso","Falso","Falso",,,,,,,,,,,,,,,,,,,,,,"Falso",,"Falso",,"Falso",,"Falso",,,,,,,,,,
"108","Falso","Falso","Falso",,,,,,,,,,,,,,,,,,,,,,"Falso",,"Falso",,"Falso",,"Falso",,,,,,,,,,
"62","Falso","Falso","Falso",,,,,,,,,,,,,,,,,,,,,,"Falso",,"Falso",,"Falso",,"Falso",,,,,,,,,,
"102","Falso","Falso","Falso",,,,,,,,,,,,,,,,,,,,,,"Falso",,"Falso",,"Falso",,"Falso",,,,,,,,,,
"144","Falso","Falso","Falso",,,,,,,,,,,,,,,,,,,,,,"Falso",,"Falso",,"Falso",,"Falso",,,,,,,,,,
"109","Falso","Falso","Falso",,,,,,,,,,,,,,,,,,,,,,"Falso",,"Falso",,"Falso",,"Falso",,,,,,,,,,
"134","Falso","Falso","Falso",,,,,,,,,,,,,,,,,,,,,,"Falso",,"Falso",,"Falso",,"Falso",,,,,,,,,,
"112","Falso","Falso","Falso",,,,,,,,,,,,,,,,,,,,,,"Falso",,"Falso",,"Falso",,"Falso",,,,,,,,,,
"137","Falso","Falso","Falso",,,,,,,,,,,,,,,,,,,,,,"Falso",,"Falso",,"Falso",,"Falso",,,,,,,,,,
"140","Falso","Falso","Falso",,,,,,,,,,,,,,,,,,,,,,"Falso",,"Falso",,"Falso",,"Falso",,,,,,,,,,
"179","Falso","Falso","Falso",,,,,,,,,,,,,,,,,,,,,,"Falso",,"Falso",,"Falso",,"Falso",,,,,,,,,,
"103","Falso","Falso","Falso",,,,,,,,,,,,,,,,,,,,,,"Falso",,"Falso",,"Falso",,"Falso",,,,,,,,,,
"76","Falso","Falso","Falso",,,,,,,,,,,,,,,,,,,,,,"Falso",,"Falso",,"Falso",,"Falso",,,,,,,,,,
"277","Falso","Falso","Falso",,,,,,,,,,,,,,,,,,,,,,"Falso",,"Falso",,"Falso",,"Falso",,,,,,,,,,
"237","Falso","Falso","Falso",,,,,,,,,,,,,,,,,,,,,,"Falso",,"Falso",,"Falso",,"Falso",,,,,,,,,,
"118","Falso","Falso","Falso",,,,,,,,,,,,,,,,,,,,,,"Falso",,"Falso",,"Falso",,"Falso",,,,,,,,,,
"271","Falso","Falso","Falso",,,,,,,,,,,,,,,,,,,,,,"Falso",,"Falso",,"Falso",,"Falso",,,,,,,,,,
"258","Falso","Falso","Falso",,,,,,,,,,,,,,,,,,,,,,"Falso",,"Falso",,"Falso",,"Falso",,,,,,,,,,
"136","Falso","Falso","Falso",,,,,,,,,,,,,,,,,,,,,,"Falso",,"Falso",,"Falso",,"Falso",,,,,,,,,,
"70","Falso","Falso","Falso",,,,,,,,,,,,,,,,,,,,,,"Falso",,"Falso",,"Falso",,"Falso",,,,,,,,,,
"162","Falso","Falso","Falso",,,,,,,,,,,,,,,,,,,,,,"Falso",,"Falso",,"Falso",,"Falso",,,,,,,,,,
"190","Falso","Falso","Falso",,,,,,,,,,,,,,,,,,,,,,"Falso",,"Falso",,"Falso",,"Falso",,,,,,,,,,
"126","Falso","Falso","Falso",,,,,,,,,,,,,,,,,,,,,,"Falso",,"Falso",,"Falso",,"Falso",,,,,,,,,,
"261","Falso","Falso","Falso",,,,,,,,,,,,,,,,,,,,,,"Falso",,"Falso",,"Falso",,"Falso",,,,,,,,,,
"82","Falso","Falso","Falso",,,,,,,,,,,,,,,,,,,,,,"Falso",,"Falso",,"Falso",,"Falso",,,,,,,,,,
"72","Falso","Falso","Falso",,,,,,,,,,,,,,,,,,,,,,"Falso",,"Falso",,"Falso",,"Falso",,,,,,,,,,
"101","Falso","Falso","Falso",,,,,,,,,,,,,,,,,,,,,,"Falso",,"Falso",,"Falso",,"Falso",,,,,,,,,,
"315","Falso","Falso","Falso",,,,,,,,,,,,,,,,,,,,,,"Falso",,"Falso",,"Falso",,"Falso",,,,,,,,,,
"176","Falso","Falso","Falso",,,,,,,,,,,,,,,,,,,,,,"Falso",,"Falso",,"Falso",,"Falso",,,,,,,,,,
"279","Falso","Falso","Falso",,,,,,,,,,,,,,,,,,,,,,"Falso",,"Falso",,"Falso",,"Falso",,,,,,,,,,
"151","Falso","Falso","Falso",,,,,,,,,,,,,,,,,,,,,,"Falso",,"Falso",,"Falso",,"Falso",,,,,,,,,,
"110","Falso","Falso","Falso",,,,,,,,,,,,,,,,,,,,,,"Falso",,"Falso",,"Falso",,"Falso",,,,,,,,,,
"120","Falso","Falso","Falso",,,,,,,,,,,,,,,,,,,,,,"Falso",,"Falso",,"Falso",,"Falso",,,,,,,,,,
"132","Falso","Falso","Falso",,,,,,,,,,,,,,,,,,,,,,"Falso",,"Falso",,"Falso",,"Falso",,,,,,,,,,
"159","Falso","Falso","Falso",,,,,,,,,,,,,,,,,,,,,,"Falso",,"Falso",,"Falso",,"Falso",,,,,,,,,,
"236","Falso","Falso","Falso",,,,,,,,,,,,,,,,,,,,,,"Falso",,"Falso",,"Falso",,"Falso",,,,,,,,,,
"145","Falso","Falso","Falso",,,,,,,,,,,,,,,,,,,,,,"Falso",,"Falso",,"Falso",,"Falso",,,,,,,,,,
"290","Falso","Falso","Falso",,,,,,,,,,,,,,,,,,,,,,"Falso",,"Falso",,"Falso",,"Falso",,,,,,,,,,
"198","Falso","Falso","Falso",,,,,,,,,,,,,,,,,,,,,,"Falso",,"Falso",,"Falso",,"Falso",,,,,,,,,,
"251","Falso","Falso","Falso",,,,,,,,,,,,,,,,,,,,,,"Falso",,"Falso",,"Falso",,"Falso",,,,,,,,,,
"160","Falso","Falso","Falso",,,,,,,,,,,,,,,,,,,,,,"Falso",,"Falso",,"Falso",,"Falso",,,,,,,,,,
"149","Falso","Falso","Falso",,,,,,,,,,,,,,,,,,,,,,"Falso",,"Falso",,"Falso",,"Falso",,,,,,,,,,
"264","Falso","Falso","Falso",,,,,,,,,,,,,,,,,,,,,,"Falso",,"Falso",,"Falso",,"Falso",,,,,,,,,,
"301","Falso","Falso","Falso",,,,,,,,,,,,,,,,,,,,,,"Falso",,"Falso",,"Falso",,"Falso",,,,,,,,,,
"104","Falso","Falso","Falso",,,,,,,,,,,,,,,,,,,,,,"Falso",,"Falso",,"Falso",,"Falso",,,,,,,,,,
"122","Falso","Falso","Falso",,,,,,,,,,,,,,,,,,,,,,"Falso",,"Falso",,"Falso",,"Falso",,,,,,,,,,
"184","Falso","Falso","Falso",,,,,,,,,,,,,,,,,,,,,,"Falso",,"Falso",,"Falso",,"Falso",,,,,,,,,,
"195","Falso","Falso","Falso",,,,,,,,,,,,,,,,,,,,,,"Falso",,"Falso",,"Falso",,"Falso",,,,,,,,,,
"298","Falso","Falso","Falso",,,,,,,,,,,,,,,,,,,,,,"Falso",,"Falso",,"Falso",,"Falso",,,,,,,,,,
"172","Falso","Falso","Falso",,,,,,,,,,,,,,,,,,,,,,"Falso",,"Falso",,"Falso",,"Falso",,,,,,,,,,
"154","Falso","Falso","Falso",,,,,,,,,,,,,,,,,,,,,,"Falso",,"Falso",,"Falso",,"Falso",,,,,,,,,,
"222","Falso","Falso","Falso",,,,,,,,,,,,,,,,,,,,,,"Falso",,"Falso",,"Falso",,"Falso",,,,,,,,,,
"252","Falso","Falso","Falso",,,,,,,,,,,,,,,,,,,,,,"Falso",,"Falso",,"Falso",,"Falso",,,,,,,,,,
"209","Falso","Falso","Falso",,,,,,,,,,,,,,,,,,,,,,"Falso",,"Falso",,"Falso",,"Falso",,,,,,,,,,
"299","Falso","Falso","Falso",,,,,,,,,,,,,,,,,,,,,,"Falso",,"Falso",,"Falso",,"Falso",,,,,,,,,,
"259","Falso","Falso","Falso",,,,,,,,,,,,,,,,,,,,,,"Falso",,"Falso",,"Falso",,"Falso",,,,,,,,,,
"309","Falso","Falso","Falso",,,,,,,,,,,,,,,,,,,,,,"Falso",,"Falso",,"Falso",,"Falso",,,,,,,,,,
"141","Falso","Falso","Falso",,,,,,,,,,,,,,,,,,,,,,"Falso",,"Falso",,"Falso",,"Falso",,,,,,,,,,
"241","Falso","Falso","Falso",,,,,,,,,,,,,,,,,,,,,,"Falso",,"Falso",,"Falso",,"Falso",,,,,,,,,,
"291","Falso","Falso","Falso",,,,,,,,,,,,,,,,,,,,,,"Falso",,"Falso",,"Falso",,"Falso",,,,,,,,,,
"81","Falso","Falso","Falso",,,,,,,,,,,,,,,,,,,,,,"Falso",,"Falso",,"Falso",,"Falso",,,,,,,,,,
"131","Falso","Falso","Falso",,,,,,,,,,,,,,,,,,,,,,"Falso",,"Falso",,"Falso",,"Falso",,,,,,,,,,
"332","Falso","Falso","Falso",,,,,,,,,,,,,,,,,,,,,,"Falso",,"Falso",,"Falso",,"Falso",,,,,,,,,,
"341","Falso","Falso","Falso",,,,,,,,,,,,,,,,,,,,,,"Falso",,"Falso",,"Falso",,"Falso",,,,,,,,,,
"167","Falso","Falso","Falso",,,,,,,,,,,,,,,,,,,,,,"Falso",,"Falso",,"Falso",,"Falso",,,,,,,,,,
"344","True","Falso","Falso",,,," Urbano;",,,,,,,,,,,,,,,,,,"Falso",,"Falso",,"Falso",,"Falso",,,,,,,,,,
"367","Falso","Falso","Falso",,,,,,,,,,,,,,,,,,,,,,"Falso",,"Falso",,"Falso",,"Falso",,,,,,,,,,
"217","Falso","Falso","Falso",,,,,,,,,,,,,,,,,,,,,,"Falso",,"Falso",,"Falso",,"Falso",,,,,,,,,,
"339","Falso","Falso","Falso",,,,,,,,,,,,,,,,,,,,,,"Falso",,"Falso",,"Falso",,"Falso",,,,,,,,,,
"343","Falso","Falso","Falso",,,,,,,,,,,,,,,,,,,,,,"Falso",,"Falso",,"Falso",,"Falso",,,,,,,,,,
"334","Falso","Falso","Falso",,,,,,,,,,,,,,,,,,,,,,"Falso",,"Falso",,"Falso",,"Falso",,,,,,,,,,
"336","Falso","Falso","Falso",,,,,,,,,,,,,,,,,,,,,,"Falso",,"Falso",,"Falso",,"Falso",,,,,,,,,,
"328","Falso","Falso","Falso",,,,,,,,,,,,,,,,,,,,,,"Falso",,"Falso",,"Falso",,"Falso",,,,,,,,,,
"358","Falso","Falso","Falso",,,,,,,,,,,,,,,,,,,,,,"Falso",,"Falso",,"Falso",,"Falso",,,,,,,,,,
"335","Falso","Falso","Falso",,,,,,,,,,,,,,,,,,,,,,"Falso",,"Falso",,"Falso",,"Falso",,,,,,,,,,
"340","Falso","Falso","Falso",,,,,,,,,,,,,,,,,,,,,,"Falso",,"Falso",,"Falso",,"Falso",,,,,,,,,,
"65","Falso","Falso","Falso",,,,,,,,,,,,,,,,,,,,,,"Falso",,"Falso",,"Falso",,"Falso",,,,,,,,,,
"186","Falso","Falso","Falso",,,,,,,,,,,,,,,,,,,,,,"Falso",,"Falso",,"Falso",,"Falso",,,,,,,,,,
"155","Falso","Falso","Falso",,,,,,,,,,,,,,,,,,,,,,"Falso",,"Falso",,"Falso",,"Falso",,,,,,,,,,
"191","Falso","Falso","Falso",,,,,,,,,,,,,,,,,,,,,,"Falso",,"Falso",,"Falso",,"Falso",,,,,,,,,,
"181","Falso","Falso","Falso",,,,,,,,,,,,,,,,,,,,,,"Falso",,"Falso",,"Falso",,"Falso",,,,,,,,,,
"150","Falso","Falso","Falso",,,,,,,,,,,,,,,,,,,,,,"Falso",,"Falso",,"Falso",,"Falso",,,,,,,,,,
"147","Falso","Falso","Falso",,,,,,,,,,,,,,,,,,,,,,"Falso",,"Falso",,"Falso",,"Falso",,,,,,,,,,
"192","Falso","Falso","Falso",,,,,,,,,,,,,,,,,,,,,,"Falso",,"Falso",,"Falso",,"Falso",,,,,,,,,,
"183","Falso","Falso","Falso",,,,,,,,,,,,,,,,,,,,,,"Falso",,"Falso",,"Falso",,"Falso",,,,,,,,,,
"106","Falso","Falso","Falso",,,,,,,,,,,,,,,,,,,,,,"Falso",,"Falso",,"Falso",,"Falso",,,,,,,,,,
"116","Falso","Falso","Falso",,,,,,,,,,,,,,,,,,,,,,"Falso",,"Falso",,"Falso",,"Falso",,,,,,,,,,
"187","Falso","Falso","Falso",,,,,,,,,,,,,,,,,,,,,,"Falso",,"Falso",,"Falso",,"Falso",,,,,,,,,,
"94","Falso","Falso","Falso",,,,,,,,,,,,,,,,,,,,,,"Falso",,"Falso",,"Falso",,"Falso",,,,,,,,,,
"206","Falso","Falso","Falso",,,,,,,,,,,,,"Sim",,"Sim",,"Sim","Sim",,"Sim",,"Falso",,"Falso",,"Falso",,"Falso",,,,,,,,,,
"254","Falso","Falso","Falso",,,,,,,,,,,,,,,,,,,,,,"Falso",,"Falso",,"Falso",,"Falso",,,,,,,,,,
"256","Falso","Falso","Falso",,,,,,,,,,,,,,,,,,,,,,"Falso",,"Falso",,"Falso",,"Falso",,,,,,,,,,
"249","Falso","Falso","Falso",,,,,,,,,,,,,,,,,,,,,,"Falso",,"Falso",,"Falso",,"Falso",,,,,,,,,,
"245","Falso","Falso","Falso",,,,,,,,,,,,,,,,,,,,,,"Falso",,"Falso",,"Falso",,"Falso",,,,,,,,,,
"226","Falso","Falso","Falso",,,,,,,,,,,,,,,,,,,,,,"Falso",,"Falso",,"Falso",,"Falso",,,,,,,,,,
"223","Falso","Falso","Falso",,,,,,,,,,,,,,,,,,,,,,"Falso",,"Falso",,"Falso",,"Falso",,,,,,,,,,
"221","Falso","Falso","Falso",,,,,,,,,,,,,,,,,,,,,,"Falso",,"Falso",,"Falso",,"Falso",,,,,,,,,,
"211","Falso","Falso","Falso",,,,,,,,,,,,,,,,,,,,,,"Falso",,"Falso",,"Falso",,"Falso",,,,,,,,,,
"214","Falso","Falso","Falso",,,,,,,,,,,,,,,,,,,,,,"Falso",,"Falso",,"Falso",,"Falso",,,,,,,,,,
"247","Falso","Falso","Falso",,,,,,,,,,,,,,,,,,,,,,"Falso",,"Falso",,"Falso",,"Falso",,,,,,,,,,
"272","Falso","Falso","Falso",,,,,,,,,,,,,,,,,,,,,,"Falso",,"Falso",,"Falso",,"Falso",,,,,,,,,,
"323","Falso","Falso","Falso",,,,,,,,,,,,,,,,,,,,,,"Falso",,"Falso",,"Falso",,"Falso",,,,,,,,,,
"320","True","Falso","Falso",,,,,,,,,,,,,,,,,,,,,,"Falso",,"Falso",,"Falso",,"Falso",,,,,,,,,,
"324","Falso","Falso","Falso",,,,,,,,,,,,,,,,,,,,,,"Falso",,"Falso",,"Falso",,"Falso",,,,,,,,,,
"295","True","Falso","Falso",,,," Urbano;",,,,,,,,,,,,,,,,,,"Falso",,"Falso",,"Falso",,"Falso",,,,,,,,,,
"205","Falso","Falso","Falso",,,,,,,,,,,,,,,,,,,,,,"Falso",,"Falso",,"Falso",,"Falso",,,,,,,,,,
"193","Falso","Falso","Falso",,,,,,,,,,,,,,,,,,,,,,"Falso",,"Falso",,"Falso",,"Falso",,,,,,,,,,
"119","Falso","Falso","Falso",,,,,,,,,,,,,,,,,,,,,,"Falso",,"Falso",,"Falso",,"Falso",,,,,,,,,,
"127","Falso","Falso","Falso",,,,,,,,,,,,,,,,,,,,,,"Falso",,"Falso",,"Falso",,"Falso",,,,,,,,,,
"124","Falso","Falso","Falso",,,,,,,,,,,,,,,,,,,,,,"Falso",,"Falso",,"Falso",,"Falso",,,,,,,,,,
"121","Falso","Falso","Falso",,,,,,,,,,,,,,,,,,,,,,"Falso",,"Falso",,"Falso",,"Falso",,,,,,,,,,
"276","Falso","Falso","Falso",,,,,,,,,,,,,,,,,,,,,,"Falso",,"Falso",,"Falso",,"Falso",,,,,,,,,,
"316","Falso","Falso","Falso",,,,,,,,,,,,,,,,,,,,,,"Falso",,"Falso",,"Falso",,"Falso",,,,,,,,,,
"115","Falso","Falso","Falso",,,,,,,,,,,,,,,,,,,,,,"Falso",,"Falso",,"Falso",,"Falso",,,,,,,,,,
"345","Falso","Falso","Falso",,,,,,,,,,,,,,,,,,,,,,"Falso",,"Falso",,"Falso",,"Falso",,,,,,,,,,
"280","Falso","Falso","Falso",,,,,,,,,,,,,,,,,,,,,,"Falso",,"Falso",,"Falso",,"Falso",,,,,,,,,,
"286","Falso","Falso","Falso",,,,,,,,,,,,,,,,,,,,,,"Falso",,"Falso",,"Falso",,"Falso",,,,,,,,,,
"75","Falso","Falso","Falso",,,,,,,,,,,,,,,,,,,,,,"Falso",,"Falso",,"Falso",,"Falso",,,,,,,,,,
"170","Falso","Falso","Falso",,,,,,,,,,,,,,,,,,,,,,"Falso",,"Falso",,"Falso",,"Falso",,,,,,,,,,
"388","Falso","Falso","Falso",,,,,,,,,,,,,,,,,,,,,,"Falso",,"Falso",,"Falso",,"Falso",,,,,,,,,,
"168","Falso","Falso","Falso",,,,,,,,,,,,,,,,,,,,,,"Falso",,"Falso",,"Falso",,"Falso",,,,,,,,,,
"175","Falso","Falso","Falso",,,,,,,,,,,,,,,,,,,,,,"Falso",,"Falso",,"Falso",,"Falso",,,,,,,,,,
"318","Falso","Falso","Falso",,,,,,,,,,,,,,,,,,,,,,"Falso",,"Falso",,"Falso",,"Falso",,,,,,,,,,
"202","Falso","Falso","Falso",,,,,,,,,,,,,,,,,,,,,,"Falso",,"Falso",,"Falso",,"Falso",,,,,,,,,,
"178","Falso","Falso","Falso",,,,,,,,,,,,,,,,,,,,,,"Falso",,"Falso",,"Falso",,"Falso",,,,,,,,,,
"194","True","Falso","Falso",,,,,,,,,,,,,,,,,,,,,,"Falso",,"Falso",,"Falso",,"Falso",,,,,,,,,,
"165","Falso","Falso","Falso",,,,,,,,,,,,,,,,,,,,,,"Falso",,"Falso",,"Falso",,"Falso",,,,,,,,,,
"201","Falso","Falso","Falso",,,,,,,,,,,,,,,,,,,,,,"Falso",,"Falso",,"Falso",,"Falso",,,,,,,,,,
"163","Falso","Falso","Falso",,,,,,,,,,,,,,,,,,,,,,"Falso",,"Falso",,"Falso",,"Falso",,,,,,,,,,
"362","Falso","Falso","Falso",,,,,,,,,,,,,,,,,,,,,,"Falso",,"Falso",,"Falso",,"Falso",,"Não",,,,,,,,
"270","Falso","Falso","Falso",,,,,,,,,,,,,,,,,,,,,,"Falso",,"Falso",,"Falso",,"Falso",,,,,,,,,,
"240","Falso","Falso","Falso",,,,,,,,,,,,,,,,,,,,,,"Falso",,"Falso",,"Falso",,"Falso",,,,,,,,,,
"180","Falso","Falso","Falso",,,,,,,,,,,,,,,,,,,,,,"Falso",,"Falso",,"Falso",,"Falso",,,,,,,,,,
"158","Falso","Falso","Falso",,,,,,,,,,,,,,,,,,,,,,"Falso",,"Falso",,"Falso",,"Falso",,,,,,,,,,
"185","Falso","Falso","Falso",,,,,,,,,,,,,,,,,,,,,,"Falso",,"Falso",,"Falso",,"Falso",,,,,,,,,,
"196","Falso","Falso","Falso",,,,,,,,,,,,,,,,,,,,,,"Falso",,"Falso",,"Falso",,"Falso",,,,,,,,,,
"188","Falso","Falso","Falso",,,,,,,,,,,,,,,,,,,,,,"Falso",,"Falso",,"Falso",,"Falso",,,,,,,,,,
"174","Falso","Falso","Falso",,,,,,,,,,,,,,,,,,,,,,"Falso",,"Falso",,"Falso",,"Falso",,,,,,,,,,
"200","Falso","Falso","Falso",,,,,,,,,,,,,,,,,,,,,,"Falso",,"Falso",,"Falso",,"Falso",,,,,,,,,,
"203","True","Falso","Falso","Casa própria - financiada",,," Urbano;",,,,,,,"Alvenaria",,,,,,"Sim","Sim",,"Não",,"Falso",,"Falso",,"Falso",,"Falso",,,,,,,,,,
"182","Falso","Falso","Falso",,,,,,,,,,,,,,,,,,,,,,"Falso",,"Falso",,"Falso",,"Falso",,,,,,,,,,
"199","Falso","Falso","Falso",,,,,,,,,,,,,,,,,,,,,,"Falso",,"Falso",,"Falso",,"Falso",,"Sim","Com o desemprego, provocado pela violência, teve que sair da casa que morava com a amiga e voltar a residir com a mãe",,,,,,,
"218","Falso","Falso","Falso",,,,,,,,,,,,,,,,,,,,,,"Falso",,"Falso",,"Falso",,"Falso",,,,,,,,,,
"380","Falso","Falso","Falso",,,,,,,,,,,,,,,,,,,,,,"Falso",,"Falso",,"Falso",,"Falso",,,,,,,,,,
"357","Falso","Falso","Falso",,,,,,,,,,,,,,,,,,,,,,"Falso",,"Falso",,"Falso",,"Falso",,,,,,,,,,
"349","Falso","Falso","Falso",,,,,,,,,,,,,,,,,,,,,,"Falso",,"Falso",,"Falso",,"Falso",,,,,,,,,,
"161","Falso","Falso","Falso",,,,,,,,,,,,,,,,,,,,,,"Falso",,"Falso",,"Falso",,"Falso",,,,,,,,,,
"153","Falso","Falso","Falso",,,,,,,,,,,,,,,,,,,,,,"Falso",,"Falso",,"Falso",,"Falso",,,,,,,,,,
"311","Falso","Falso","Falso",,,,,,,,,,,,,,,,,,,,,,"Falso",,"Falso",,"Falso",,"Falso",,,,,,,,,,
"399","Falso","Falso","Falso",,,,,,,,,,,,,,,,,,,,,,"Falso",,"Falso",,"Falso",,"Falso",,,,,,,,,,
"342","Falso","Falso","Falso",,,,,,,,,,,,,,,,,,,,,,"Falso",,"Falso",,"Falso",,"Falso",,,,,,,,,,
"244","Falso","Falso","Falso",,,,,,,,,,,,,,,,,,,,,,"Falso",,"Falso",,"Falso",,"Falso",,,,,,,,,,
"212","Falso","Falso","Falso",,,,,,,,,,,,,,,,,,,,,,"Falso",,"Falso",,"Falso",,"Falso",,,,,,,,,,
"263","Falso","Falso","Falso",,,,,,,,,,,,,,,,,,,,,,"Falso",,"Falso",,"Falso",,"Falso",,,,,,,,,,
"152","Falso","Falso","Falso",,,,,,,,,,,,,,,,,,,,,,"Falso",,"Falso",,"Falso",,"Falso",,,,,,,,,,
"228","Falso","Falso","Falso",,,,,,,,,,,,,,,,,,,,,,"Falso",,"Falso",,"Falso",,"Falso",,,,,,,,,,
"231","Falso","Falso","Falso",,,,,,,,,,,,,,,,,,,,,,"Falso",,"Falso",,"Falso",,"Falso",,,,,,,,,,
"268","Falso","Falso","Falso",,,,,,,,,,,,,,,,,,,,,,"Falso",,"Falso",,"Falso",,"Falso",,,,,,,,,,
"267","Falso","Falso","Falso",,,,,,,,,,,,,,,,,,,,,,"Falso",,"Falso",,"Falso",,"Falso",,,,,,,,,,
"260","Falso","Falso","Falso",,,,,,,,,,,,,,,,,,,,,,"Falso",,"Falso",,"Falso",,"Falso",,,,,,,,,,
"250","Falso","Falso","Falso",,,,,,,,,,,,,,,,,,,,,,"Falso",,"Falso",,"Falso",,"Falso",,,,,,,,,,
"266","Falso","Falso","Falso",,,,,,,,,,,,,,,,,,,,,,"Falso",,"Falso",,"Falso",,"Falso",,,,,,,,,,
"246","Falso","Falso","Falso",,,,,,,,,,,,,,,,,,,,,,"Falso",,"Falso",,"Falso",,"Falso",,,,,,,,,,
"382","Falso","Falso","Falso",,,,,,,,,,,,,,,,,,,,,,"Falso",,"Falso",,"Falso",,"Falso",,,,,,,,,,
"219","Falso","Falso","Falso",,,,,,,,,,,,,,,,,,,,,,"Falso",,"Falso",,"Falso",,"Falso",,,,,,,,,,
"204","Falso","Falso","Falso",,,,,,,,,,,,,,,,,,,,,,"Falso",,"Falso",,"Falso",,"Falso",,,,,,,,,,
"287","Falso","Falso","Falso",,,,,,,,,,,,,,,,,,,,,,"Falso",,"Falso",,"Falso",,"Falso",,,,,,,,,,
"376","Falso","Falso","Falso",,,,,,,,,,,,,,,,,,,,,,"Falso",,"Falso",,"Falso",,"Falso",,,,,,,,,,
"300","Falso","Falso","Falso",,,,,,,,,,,,,,,,,,,,,,"Falso",,"Falso",,"Falso",,"Falso",,,,,,,,,,
"265","Falso","Falso","Falso",,,,,,,,,,,,,,,,,,,,,,"Falso",,"Falso",,"Falso",,"Falso",,,,,,,,,,
"229","Falso","Falso","Falso",,,,,,,,,,,,,,,,,,,,,,"Falso",,"Falso",,"Falso",,"Falso",,,,,,,,,,
"257","Falso","Falso","Falso",,,,,,,,,,,,,,,,,,,,,,"Falso",,"Falso",,"Falso",,"Falso",,,,,,,,,,
"398","Falso","Falso","Falso",,,,,,,,,,,,,,,,,,,,,,"Falso",,"Falso",,"Falso",,"Falso",,,,,,,,,,
"105","Falso","Falso","Falso",,,,,,,,,,,,,,,,,,,,,,"Falso",,"Falso",,"Falso",,"Falso",,,,,,,,,,
"166","Falso","Falso","Falso",,,,,,,,,,,,,,,,,,,,,,"Falso",,"Falso",,"Falso",,"Falso",,,,,,,,,,
"329","Falso","Falso","Falso",,,,,,,,,,,,,,,,,,,,,,"Falso",,"Falso",,"Falso",,"Falso",,,,,,,,,,
"278","Falso","Falso","Falso",,,,,,,,,,,,,,,,,,,,,,"Falso",,"Falso",,"Falso",,"Falso",,,,,,,,,,
"224","Falso","Falso","Falso",,,,,,,,,,,,,,,,,,,,,,"Falso",,"Falso",,"Falso",,"Falso",,,,,,,,,,
"337","Falso","Falso","Falso",,,,,,,,,,,,,,,,,,,,,,"Falso",,"Falso",,"Falso",,"Falso",,,,,,,,,,
"283","Falso","Falso","Falso",,,,,,,,,,,,,,,,,,,,,,"Falso",,"Falso",,"Falso",,"Falso",,,,,,,,,,
"230","Falso","Falso","Falso",,,,,,,,,,,,,,,,,,,,,,"Falso",,"Falso",,"Falso",,"Falso",,,,,,,,,,
"325","Falso","Falso","Falso",,,,,,,,,,,,,,,,,,,,,,"Falso",,"Falso",,"Falso",,"Falso",,,,,,,,,,
"142","Falso","Falso","Falso",,,,,,,,,,,,,,,,,,,,,,"Falso",,"Falso",,"Falso",,"Falso",,,,,,,,,,
"364","Falso","Falso","Falso",,,,,,,,,,,,,,,,,,,,,,"Falso",,"Falso",,"Falso",,"Falso",,,,,,,,,,
"177","Falso","Falso","Falso",,,,,,,,,,,,,,,,,,,,,,"Falso",,"Falso",,"Falso",,"Falso",,,,,,,,,,
"333","Falso","Falso","Falso",,,,,,,,,,,,,,,,,,,,,,"Falso",,"Falso",,"Falso",,"Falso",,,,,,,,,,
"304","Falso","Falso","Falso",,,,,,,,,,,,,,,,,,,,,,"Falso",,"Falso",,"Falso",,"Falso",,,,,,,,,,
"293","Falso","Falso","Falso",,,,,,,,,,,,,,,,,,,,,,"Falso",,"Falso",,"Falso",,"Falso",,,,,,,,,,
"317","Falso","Falso","Falso",,,,,,,,,,,,,,,,,,,,,,"Falso",,"Falso",,"Falso",,"Falso",,,,,,,,,,
"359","Falso","Falso","Falso",,,,,,,,,,,,,,,,,,,,,,"Falso",,"Falso",,"Falso",,"Falso",,,,,,,,,,
"392","Falso","Falso","Falso",,,,,,,,,,,,,,,,,,,,,,"Falso",,"Falso",,"Falso",,"Falso",,,,,,,,,,
"384","Falso","Falso","Falso",,,,,,,,,,,,,,,,,,,,,,"Falso",,"Falso",,"Falso",,"Falso",,,,,,,,,,
"326","Falso","Falso","Falso",,,,,,,,,,,,,,,,,,,,,,"Falso",,"Falso",,"Falso",,"Falso",,,,,,,,,,
"370","Falso","Falso","Falso",,,,,,,,,,,,,,,,,,,,,,"Falso",,"Falso",,"Falso",,"Falso",,,,,,,,,,
"171","Falso","Falso","Falso",,,,,,,,,,,,,,,,,,,,,,"Falso",,"Falso",,"Falso",,"Falso",,,,,,,,,,
"360","Falso","Falso","Falso",,,,,,,,,,,,,,,,,,,,,,"Falso",,"Falso",,"Falso",,"Falso",,,,,,,,,,
"234","Falso","Falso","Falso",,,,,,,,,,,,,,,,,,,,,,"Falso",,"Falso",,"Falso",,"Falso",,,,,,,,,,
"253","Falso","Falso","Falso",,,,,,,,,,,,,,,,,,,,,,"Falso",,"Falso",,"Falso",,"Falso",,,,,,,,,,
"232","Falso","Falso","Falso",,,,,,,,,,,,,,,,,,,,,,"Falso",,"Falso",,"Falso",,"Falso",,,,,,,,,,
"389","Falso","Falso","Falso",,,,,,,,,,,,,,,,,,,,,,"Falso",,"Falso",,"Falso",,"Falso",,,,,,,,,,
"390","Falso","Falso","Falso",,,,,,,,,,,,,,,,,,,,,,"Falso",,"Falso",,"Falso",,"Falso",,,,,,,,,,
"238","True","Falso","Falso",,,," Urbano;",,,,,,,,,"Sim",,,,"Sim",,,,,"Falso",,"Falso",,"Falso",,"Falso",,,,,,,,,,
"395","Falso","Falso","Falso",,,,,,,,,,,,,,,,,,,,,,"Falso",,"Falso",,"Falso",,"Falso",,,,,,,,,,
"305","Falso","Falso","Falso",,,,,,,,,,,,,,,,,,,,,,"Falso",,"Falso",,"Falso",,"Falso",,,,,,,,,,
"303","Falso","Falso","Falso",,,,,,,,,,,,,,,,,,,,,,"Falso",,"Falso",,"Falso",,"Falso",,,,,,,,,,
"269","Falso","Falso","Falso",,,,,,,,,,,,,,,,,,,,,,"Falso",,"Falso",,"Falso",,"Falso",,,,,,,,,,
"248","Falso","Falso","Falso",,,,,,,,,,,,,,,,,,,,,,"Falso",,"Falso",,"Falso",,"Falso",,,,,,,,,,
"371","Falso","Falso","Falso",,,,,,,,,,,,,,,,,,,,,,"Falso",,"Falso",,"Falso",,"Falso",,,,,,,,,,
"321","Falso","Falso","Falso",,,,,,,,,,,,,,,,,,,,,,"Falso",,"Falso",,"Falso",,"Falso",,,,,,,,,,
"210","Falso","Falso","Falso",,,,,,,,,,,,,,,,,,,,,,"Falso",,"Falso",,"Falso",,"Falso",,,,,,,,,,
"350","Falso","Falso","Falso",,,,,,,,,,,,,,,,,,,,,,"Falso",,"Falso",,"Falso",,"Falso",,,,,,,,,,
"302","Falso","Falso","Falso",,,,,,,,,,,,,,,,,,,,,,"Falso",,"Falso",,"Falso",,"Falso",,,,,,,,,,
"307","Falso","Falso","Falso",,,,,,,,,,,,,,,,,,,,,,"Falso",,"Falso",,"Falso",,"Falso",,,,,,,,,,
"308","Falso","Falso","Falso",,,,,,,,,,,,,,,,,,,,,,"Falso",,"Falso",,"Falso",,"Falso",,,,,,,,,,
"381","Falso","Falso","Falso",,,,,,,,,,,,,,,,,,,,,,"Falso",,"Falso",,"Falso",,"Falso",,,,,,,,,,
"354","Falso","Falso","Falso",,,,,,,,,,,,,,,,,,,,,,"Falso",,"Falso",,"Falso",,"Falso",,,,,,,,,,
"338","Falso","Falso","Falso",,,,,,,,,,,,,,,,,,,,,,"Falso",,"Falso",,"Falso",,"Falso",,,,,,,,,,
"385","Falso","Falso","Falso",,,,,,,,,,,,,,,,,,,,,,"Falso",,"Falso",,"Falso",,"Falso",,,,,,,,,,
"373","True","Falso","Falso","Casa propria - quitada ",,," Urbano;  Periférico;",,,,,,,,,,,,,,,,,,"Falso",,"True","Pontos de tráfico","Falso",,"Falso",,,,,,,,,,
"322","Falso","Falso","Falso",,,,,,,,,,,,,,,,,,,,,,"Falso",,"Falso",,"Falso",,"Falso",,,,,,,,,,
"397","Falso","Falso","Falso",,,,,,,,,,,,,,,,,,,,,,"Falso",,"Falso",,"Falso",,"Falso",,,,,,,,,,
"369","Falso","Falso","Falso",,,,,,,,,,,,,,,,,,,,,,"Falso",,"Falso",,"Falso",,"Falso",,,,,,,,,,
"319","Falso","Falso","Falso",,,,,,,,,,,,,,,,,,,,,,"Falso",,"Falso",,"Falso",,"Falso",,,,,,,,,,
"374","Falso","Falso","Falso",,,,,,,,,,,,,,,,,,,,,,"Falso",,"Falso",,"Falso",,"Falso",,,,,,,,,,
"386","Falso","Falso","Falso",,,,,,,,,,,,,,,,,,,,,,"Falso",,"Falso",,"Falso",,"Falso",,,,,,,,,,
"275","Falso","Falso","Falso",,,,,,,,,,,,,,,,,,,,,,"Falso",,"Falso",,"Falso",,"Falso",,,,,,,,,,
"225","Falso","Falso","Falso",,,,,,,,,,,,,,,,,,,,,,"Falso",,"Falso",,"Falso",,"Falso",,,,,,,,,,
"383","Falso","Falso","Falso",,,,,,,,,,,,,,,,,,,,,,"Falso",,"Falso",,"Falso",,"Falso",,,,,,,,,,
"243","Falso","Falso","Falso",,,,,,,,,,,,,,,,,,,,,,"Falso",,"Falso",,"Falso",,"Falso",,,,,,,,,,
"348","Falso","Falso","Falso",,,,,,,,,,,,,,,,,,,,,,"Falso",,"Falso",,"Falso",,"Falso",,,,,,,,,,
"313","Falso","Falso","Falso",,,,,,,,,,,,,,,,,,,,,,"Falso",,"Falso",,"Falso",,"Falso",,,,,,,,,,
"330","Falso","Falso","Falso",,,,,,,,,,,,,,,,,,,,,,"Falso",,"Falso",,"Falso",,"Falso",,,,,,,,,,
"294","Falso","Falso","Falso",,,,,,,,,,,,,,,,,,,,,,"Falso",,"Falso",,"Falso",,"Falso",,,,,,,,,,
"331","Falso","Falso","Falso",,,,,,,,,,,,,,,,,,,,,,"Falso",,"Falso",,"Falso",,"Falso",,,,,,,,,,
"365","Falso","Falso","Falso",,,,,,,,,,,,,,,,,,,,,,"Falso",,"Falso",,"Falso",,"Falso",,,,,,,,,,
"378","Falso","Falso","Falso",,,,,,,,,,,,,,,,,,,,,,"Falso",,"Falso",,"Falso",,"Falso",,,,,,,,,,
"393","Falso","Falso","Falso",,,,,,,,,,,,,,,,,,,,,,"Falso",,"Falso",,"Falso",,"Falso",,,,,,,,,,
"351","Falso","Falso","Falso",,,,,,,,,,,,,,,,,,,,,,"Falso",,"Falso",,"Falso",,"Falso",,,,,,,,,,
"361","Falso","Falso","Falso",,,,,,,,,,,,,,,,,,,,,,"Falso",,"Falso",,"Falso",,"Falso",,,,,,,,,,
"262","Falso","Falso","Falso",,,,,,,,,,,,,,,,,,,,,,"Falso",,"Falso",,"Falso",,"Falso",,,,,,,,,,
"327","Falso","Falso","Falso",,,,,,,,,,,,,,,,,,,,,,"Falso",,"Falso",,"Falso",,"Falso",,,,,,,,,,
"215","Falso","Falso","Falso",,,,,,,,,,,,,,,,,,,,,,"Falso",,"Falso",,"Falso",,"Falso",,,,,,,,,,
"281","Falso","Falso","Falso",,,,,,,,,,,,,,,,,,,,,,"Falso",,"Falso",,"Falso",,"Falso",,,,,,,,,,
"352","Falso","Falso","Falso",,,,,,,,,,,,,,,,,,,,,,"Falso",,"Falso",,"Falso",,"Falso",,,,,,,,,,
"239","Falso","Falso","Falso",,,,,,,,,,,,,,,,,,,,,,"Falso",,"Falso",,"Falso",,"Falso",,,,,,,,,,
"310","Falso","Falso","Falso",,,,,,,,,,,,,,,,,,,,,,"Falso",,"Falso",,"Falso",,"Falso",,,,,,,,,,
"375","Falso","Falso","Falso",,,,,,,,,,,,,,,,,,,,,,"Falso",,"Falso",,"Falso",,"Falso",,,,,,,,,,
"220","Falso","Falso","Falso",,,,,,,,,,,,,,,,,,,,,,"Falso",,"Falso",,"Falso",,"Falso",,,,,,,,,,
"157","Falso","Falso","Falso",,,,,,,,,,,,,,,,,,,,,,"Falso",,"Falso",,"Falso",,"Falso",,,,,,,,,,
"216","Falso","Falso","Falso",,,,,,,,,,,,,,,,,,,,,,"Falso",,"Falso",,"Falso",,"Falso",,,,,,,,,,
"285","Falso","Falso","Falso",,,,,,,,,,,,,,,,,,,,,,"Falso",,"Falso",,"Falso",,"Falso",,,,,,,,,,
"282","Falso","Falso","Falso",,,,,,,,,,,,,,,,,,,,,,"Falso",,"Falso",,"Falso",,"Falso",,,,,,,,,,
"353","Falso","Falso","Falso",,,,,,,,,,,,,,,,,,,,,,"Falso",,"Falso",,"Falso",,"Falso",,,,,,,,,,
"227","Falso","Falso","Falso",,,,,,,,,,,,,,,,,,,,,,"Falso",,"Falso",,"Falso",,"Falso",,,,,,,,,,
"356","Falso","Falso","Falso",,,,,,,,,,,,,,,,,,,,,,"Falso",,"Falso",,"Falso",,"Falso",,,,,,,,,,
"296","Falso","Falso","Falso",,,,,,,,,,,,,,,,,,,,,,"Falso",,"Falso",,"Falso",,"Falso",,,,,,,,,,
"363","Falso","Falso","Falso",,,," Urbano;  Periférico;",,,,,,,,,,,,,,,,,,"Falso",,"True","Facções","Falso",,"Falso",,,,,,,,,,
"207","Falso","Falso","Falso",,,,,,,,,,,,,,,,,,,,,,"Falso",,"Falso",,"Falso",,"Falso",,,,,,,,,,
"273","True","Falso","Falso",,,," Urbano;",,,,,,,,,,,,,,,,,,"Falso",,"Falso",,"Falso",,"Falso",,,,,,,,,,
"346","Falso","Falso","Falso",,,,,,,,,,,,,,,,,,,,,,"Falso",,"Falso",,"Falso",,"Falso",,,,,,,,,,
"400","Falso","Falso","Falso",,,,,,,,,,,,,,,,,,,,,,"Falso",,"Falso",,"Falso",,"Falso",,,,,,,,,,
"233","Falso","Falso","Falso",,,,,,,,,,,,,,,,,,,,,,"Falso",,"Falso",,"Falso",,"Falso",,,,,,,,,,
"306","Falso","Falso","Falso",,,,,,,,,,,,,,,,,,,,,,"Falso",,"Falso",,"Falso",,"Falso",,,,,,,,,,
"372","Falso","Falso","Falso",,,,,,,,,,,"Alvenaria",,"Sim",,,,"Sim","Sim",,,,"Falso",,"True","Pontos de tráfico","Falso",,"Falso",,,,,,,,,,
"387","Falso","Falso","Falso",,,,,,,,,,,,,,,,,,,,,,"Falso",,"Falso",,"Falso",,"Falso",,,,,,,,,,
"377","Falso","Falso","Falso",,,,,,,,,,,,,,,,,,,,,,"Falso",,"Falso",,"Falso",,"Falso",,,,,,,,,,
"396","Falso","Falso","Falso",,,,,,,,,,,,,,,,,,,,,,"Falso",,"Falso",,"Falso",,"Falso",,,,,,,,,,
"312","Falso","Falso","Falso",,,,,,,,,,,,,,,,,,,,,,"Falso",,"Falso",,"Falso",,"Falso",,,,,,,,,,
"208","Falso","Falso","Falso",,,,,,,,,,,,,,,,,,,,,,"Falso",,"Falso",,"Falso",,"Falso",,,,,,,,,,
"355","Falso","Falso","Falso",,,,,,,,,,,,,,,,,,,,,,"Falso",,"Falso",,"Falso",,"Falso",,,,,,,,,,
"314","Falso","Falso","Falso",,,,,,,,,,,,,,,,,,,,,,"Falso",,"Falso",,"Falso",,"Falso",,,,,,,,,,
"274","Falso","Falso","Falso",,,,,,,,,,,,,,,,,,,,,,"Falso",,"Falso",,"Falso",,"Falso",,,,,,,,,,
"379","Falso","Falso","Falso",,,,,,,,,,,,,,,,,,,,,,"Falso",,"Falso",,"Falso",,"Falso",,,,,,,,,,
"284","Falso","Falso","Falso",,,,,,,,,,,,,,,,,,,,,,"Falso",,"Falso",,"Falso",,"Falso",,,,,,,,,,
"242","Falso","Falso","Falso",,,,,,,,,,,,,,,,,,,,,,"Falso",,"Falso",,"Falso",,"Falso",,,,,,,,,,
"347","Falso","Falso","Falso",,,,,,,,,,,,,,,,,,,,,,"Falso",,"Falso",,"Falso",,"Falso",,,,,,,,,,
"173","Falso","Falso","Falso",,,,,,,,,,,,,,,,,,,,,,"Falso",,"Falso",,"Falso",,"Falso",,,,,,,,,,
"404","True","Falso","Falso",,,," Rural;",,,,,,,,,,,,,,,,,,"Falso",,"Falso",,"Falso",,"Falso",,"Sim","Vítima pretende se mudar para outra cidade para fugir do agressor.",,,,,,,
"391","Falso","Falso","Falso",,,,,,,,,,,,,,,,,,,,,,"Falso",,"Falso",,"Falso",,"Falso",,,,,,,,,,
"409","Falso","Falso","Falso",,,,,,,,,,,,,,,,,,,,,,"Falso",,"Falso",,"Falso",,"Falso",,,,,,,,,,
"394","Falso","Falso","Falso",,,,,,,,,,,,,,,,,,,,,,"Falso",,"Falso",,"Falso",,"Falso",,,,,,,,,,
"401","Falso","Falso","Falso",,,,,,,,,,,,,,,,,,,,,,"Falso",,"Falso",,"Falso",,"Falso",,,,,,,,,,
"402","Falso","Falso","Falso",,,,,,,,,,,,,,,,,,,,,,"Falso",,"Falso",,"Falso",,"Falso",,,,,,,,,,
"403","Falso","Falso","Falso",,,,,,,,,,,,,,,,,,,,,,"Falso",,"Falso",,"Falso",,"Falso",,,,,,,,,,
"405","Falso","Falso","Falso",,,,,,,,,,,,,,,,,,,,,,"Falso",,"Falso",,"Falso",,"Falso",,,,,,,,,,
"406","Falso","Falso","Falso",,,,,,,,,,,,,,,,,,,,,,"Falso",,"Falso",,"Falso",,"Falso",,,,,,,,,,
"407","Falso","Falso","Falso",,,,,,,,,,,,,,,,,,,,,,"Falso",,"Falso",,"Falso",,"Falso",,,,,,,,,,
"408","Falso","Falso","Falso",,,,,,,,,,,,,,,,,,,,,,"Falso",,"Falso",,"Falso",,"Falso",,,,,,,,,,
"410","Falso","Falso","Falso",,,,,,,,,,,,,,,,,,,,,,"Falso",,"Falso",,"Falso",,"Falso",,,,,,,,,,
"412","Falso","Falso","Falso",,,,,,,,,,,,,,,,,,,,,,"Falso",,"Falso",,"Falso",,"Falso",,"Sim","Em função de dificuldades financeiras, teve que se mudar para a casa da mãe",,,,,,,
"413","Falso","Falso","Falso",,,,,,,,,,,,,,,,,,,,,,"Falso",,"Falso",,"Falso",,"Falso",,,,,,,,,,
"434","True","Falso","Falso",,,," Urbano;",,,,,,,,,,,,,,,,,,"Falso",,"Falso",,"Falso",,"Falso",,,,,,,,,,
"436","True","Falso","Falso",,,," Urbano;",,,,,,,,,,,,,,,,,,"Falso",,"Falso",,"Falso",,"Falso",,,,,,,,,,
"446","Falso","Falso","Falso",,,,,,,,,,,,,,,,,,,,,,"Falso",,"Falso",,"Falso",,"Falso",,,,,,,,,,
"419","Falso","Falso","Falso",,,,,,,,,,,,,,,,,,,,,,"True",,"Falso",,"Falso",,"Falso",,"Sim","Teve que sair de casa com as filhas e foi morar com a mãe",,,,,,,
"440","Falso","Falso","Falso",,,,,,,,,,,,,,,,,,,,,,"Falso",,"Falso",,"Falso",,"Falso",,,,,,,,,,
"77","True","Falso","Falso","Alugada",,," Urbano;",,,,,,,"Alvenaria",,,,,,,,,,,"Falso",,"Falso",,"Falso",,"Falso",,,"A violência ocorreu na residência da vítima. Alan e sua família precisou mudar de residência devido ao autor ter conhecimento do seu endereço e lugares que frequentava.",,,,,,,
"450","Falso","Falso","Falso",,,,,,,,,,,,,,,,,,,,,,"Falso",,"Falso",,"Falso",,"Falso",,,,,,,,,,
"422","Falso","Falso","Falso",,,,,,,,,,,,,,,,,,,,,,"Falso",,"Falso",,"Falso",,"Falso",,,,,,,,,,
"441","Falso","Falso","Falso",,,,,,,,,,,,,,,,,,,,,,"Falso",,"Falso",,"Falso",,"Falso",,,,,,,,,,
"447","Falso","Falso","Falso",,,,,,,,,,,,,,,,,,,,,,"Falso",,"Falso",,"Falso",,"Falso",,,,,,,,,,
"451","Falso","Falso","Falso",,,,,,,,,,,,,,,,,,,,,,"Falso",,"Falso",,"Falso",,"Falso",,,,,,,,,,
"448","True","Falso","Falso",,,," Periférico;",,,,,,,,,,,,,,,,,,"Falso",,"Falso",,"Falso",,"Falso",,,,,,,,,,
"455","Falso","Falso","Falso",,,,,,,,,,,,,,,,,,,,,,"Falso",,"Falso",,"Falso",,"Falso",,,,,,,,,,
